City_ID,City,Country,Date,Lat,Lng,Max Temp,Humidity,Cloudiness,Wind Speed
0,Faanui,PF,2021-07-31 13:31:55,-16.4833,-151.75,76.64,73,91,19.48
1,Castro,BR,2021-07-31 13:31:56,-24.7911,-50.0119,49.28,62,100,8.88
2,Kaitangata,NZ,2021-07-31 13:31:56,-46.2817,169.8464,47.62,96,100,2.8
3,Punta Arenas,CL,2021-07-31 13:31:56,-53.15,-70.9167,41.11,65,0,28.77
4,Vostok,RU,2021-07-31 13:31:57,46.4856,135.8833,65.89,91,30,4.99
5,Ushuaia,AR,2021-07-31 13:28:18,-54.8,-68.3,37.06,65,40,3.44
6,Ilulissat,GL,2021-07-31 13:31:36,69.2167,-51.1,57.22,41,1,5.75
7,Comodoro Rivadavia,AR,2021-07-31 13:28:32,-45.8667,-67.5,35.46,55,0,2.3
8,Hasaki,JP,2021-07-31 13:31:58,35.7333,140.8333,77.4,90,100,11.88
9,Laje,BR,2021-07-31 13:31:58,-10.1833,-40.9667,67.15,86,100,15.32
10,Iqaluit,CA,2021-07-31 13:30:12,63.7506,-68.5145,56.93,50,90,8.01
11,Severo-Kurilsk,RU,2021-07-31 13:31:58,50.6789,156.125,53.2,96,100,3.47
12,Hofn,IS,2021-07-31 13:31:59,64.2539,-15.2082,48.22,87,90,6.91
13,Xining,CN,2021-07-31 13:31:59,36.6167,101.7667,62.64,67,85,5.59
14,Atuona,PF,2021-07-31 13:31:59,-9.8,-139.0333,76.14,75,15,11.9
15,Georgetown,MY,2021-07-31 13:32:00,5.4112,100.3354,82.89,82,20,0.0
16,Rikitea,PF,2021-07-31 13:32:00,-23.1203,-134.9692,70.7,70,22,12.19
17,Noumea,NC,2021-07-31 13:30:12,-22.2763,166.4572,70.0,99,17,14.97
18,Cape Town,ZA,2021-07-31 13:28:29,-33.9258,18.4232,75.11,51,0,1.01
19,Saint-Philippe,RE,2021-07-31 13:31:35,-21.3585,55.7679,73.22,76,46,16.46
20,Hilo,US,2021-07-31 13:32:01,19.7297,-155.09,72.81,85,40,4.61
21,Bambanglipuro,ID,2021-07-31 13:32:01,-7.95,110.2833,78.06,81,93,11.99
22,Jamestown,US,2021-07-31 13:30:23,42.097,-79.2353,64.02,87,0,1.99
23,Yamada,JP,2021-07-31 13:32:01,39.4667,141.95,73.11,96,100,7.29
24,Bandarbeyla,SO,2021-07-31 13:32:02,9.4942,50.8122,81.01,63,100,28.25
25,Canto Do Buriti,BR,2021-07-31 13:32:02,-8.11,-42.9444,88.86,37,38,14.14
26,Klaksvik,FO,2021-07-31 13:32:03,62.2266,-6.589,52.72,74,99,15.99
27,Busselton,AU,2021-07-31 13:32:03,-33.65,115.3333,54.09,77,90,27.63
28,Chandauli,IN,2021-07-31 13:32:04,25.2667,83.2667,78.85,91,100,13.11
29,Longyearbyen,SJ,2021-07-31 13:31:58,78.2186,15.6401,44.44,76,75,11.5
30,Nombre De Dios,MX,2021-07-31 13:32:04,23.85,-104.2333,65.8,63,74,2.75
31,Mvuma,ZW,2021-07-31 13:32:04,-19.2792,30.5283,67.6,33,0,12.01
32,Qaanaaq,GL,2021-07-31 13:32:05,77.484,-69.3632,42.48,84,57,2.55
33,Christchurch,NZ,2021-07-31 13:28:06,-43.5333,172.6333,52.92,89,90,7.0
34,Sisimiut,GL,2021-07-31 13:32:05,66.9395,-53.6735,51.19,66,9,8.1
35,Lebu,CL,2021-07-31 13:32:06,-37.6167,-73.65,46.22,75,100,11.48
36,Mataura,NZ,2021-07-31 13:32:06,-46.1927,168.8643,47.48,99,100,1.16
37,Albany,US,2021-07-31 13:32:06,42.6001,-73.9662,64.72,62,19,1.01
38,Thompson,CA,2021-07-31 13:32:07,55.7435,-97.8558,55.56,71,20,4.61
39,The Valley,AI,2021-07-31 13:32:07,18.217,-63.0578,85.86,79,20,17.27
40,Yellowknife,CA,2021-07-31 13:32:07,62.456,-114.3525,68.29,77,40,8.05
41,Ipora,BR,2021-07-31 13:29:58,-16.4419,-51.1178,74.68,13,0,8.5
42,New Norfolk,AU,2021-07-31 13:32:08,-42.7826,147.0587,51.93,76,100,1.99
43,Elat,IL,2021-07-31 13:32:08,29.5581,34.9482,107.44,19,0,11.5
44,Port Alfred,ZA,2021-07-31 13:32:08,-33.5906,26.891,72.07,47,82,4.56
45,Victoria,HK,2021-07-31 13:27:52,22.2855,114.1577,87.33,86,99,1.01
46,Bardiyah,LY,2021-07-31 13:32:09,31.7561,25.0865,89.96,50,0,19.86
47,Trairi,BR,2021-07-31 13:28:04,-3.2778,-39.2689,87.28,43,70,13.02
48,Hobart,AU,2021-07-31 13:30:02,-42.8794,147.3294,52.27,73,75,1.01
49,Grindavik,IS,2021-07-31 13:32:09,63.8424,-22.4338,56.55,88,75,12.66
50,Tiksi,RU,2021-07-31 13:32:10,71.6872,128.8694,42.26,80,17,3.11
51,Tuktoyaktuk,CA,2021-07-31 13:32:10,69.4541,-133.0374,59.0,82,75,12.66
52,Tarnos,FR,2021-07-31 13:32:11,43.5417,-1.4628,68.61,81,75,6.91
53,Barrow,US,2021-07-31 13:30:02,71.2906,-156.7887,42.82,97,75,11.5
54,Anadyr,RU,2021-07-31 13:32:11,64.75,177.4833,42.01,93,75,4.0
55,Butaritari,KI,2021-07-31 13:32:11,3.0707,172.7902,80.1,77,64,2.04
56,Razdolnoye,RU,2021-07-31 13:32:12,43.55,131.9167,73.81,81,17,7.63
57,Nelson Bay,AU,2021-07-31 13:32:12,-32.7167,152.15,61.68,70,0,9.31
58,Port Elizabeth,ZA,2021-07-31 13:32:12,-33.918,25.5701,79.09,34,0,4.61
59,Carnarvon,AU,2021-07-31 13:32:13,-24.8667,113.6333,59.07,57,90,5.75
60,Artigas,UY,2021-07-31 13:29:26,-30.4,-56.4667,50.63,66,9,7.99
61,Youghal,IE,2021-07-31 13:32:13,51.95,-7.8506,68.68,80,93,8.1
62,Vaini,TO,2021-07-31 13:32:14,-21.2,-175.2,73.56,88,90,12.66
63,Kirakira,SB,2021-07-31 13:32:14,-10.4544,161.9205,75.47,83,100,10.29
64,Saldanha,ZA,2021-07-31 13:32:14,-33.0117,17.9442,75.25,51,9,3.62
65,Broome,US,2021-07-31 13:32:15,42.2506,-75.833,63.19,79,1,1.01
66,Novopavlovka,RU,2021-07-31 13:32:15,51.2172,109.2091,58.42,95,88,3.06
67,Mantua,IT,2021-07-31 13:32:15,45.1667,10.7833,95.49,53,4,3.0
68,Provideniya,RU,2021-07-31 13:32:16,64.3833,-173.3,45.61,92,100,10.31
69,Caloundra,AU,2021-07-31 13:32:16,-26.8,153.1333,62.06,86,0,12.1
70,Belaya Gora,RU,2021-07-31 13:32:16,68.5333,146.4167,47.44,72,100,19.69
71,Bluff,NZ,2021-07-31 13:32:17,-46.6,168.3333,47.8,95,100,3.67
72,Peace River,CA,2021-07-31 13:30:12,56.2501,-117.286,57.51,82,20,3.44
73,Hovd,MN,2021-07-31 13:32:17,48.0056,91.6419,58.77,72,100,5.91
74,Torbay,CA,2021-07-31 13:32:18,47.6666,-52.7314,70.57,88,75,16.11
75,Hithadhoo,MV,2021-07-31 13:32:18,-0.6,73.0833,81.61,73,79,4.52
76,Kamaishi,JP,2021-07-31 13:32:18,39.2667,141.8833,73.72,95,100,6.62
77,Kloulklubed,PW,2021-07-31 13:32:19,7.0419,134.2556,81.1,72,48,8.21
78,Avarua,CK,2021-07-31 13:32:19,-21.2078,-159.775,73.45,73,75,18.41
79,Krasnoselkup,RU,2021-07-31 13:32:19,65.7,82.4667,58.33,67,100,11.88
80,Dandong,CN,2021-07-31 13:32:20,40.1292,124.3947,73.89,96,2,6.29
81,Susaki,JP,2021-07-31 13:32:20,33.3667,133.2833,77.41,81,100,3.38
82,Port Hardy,CA,2021-07-31 13:32:09,50.6996,-127.4199,55.58,100,90,3.44
83,Malanje,AO,2021-07-31 13:32:20,-9.5402,16.341,87.6,15,0,5.97
84,Sechelt,CA,2021-07-31 13:32:21,49.4664,-123.7694,73.72,53,89,0.94
85,Normandin,CA,2021-07-31 13:32:21,48.8333,-72.5321,57.51,76,99,12.66
86,Burgeo,CA,2021-07-31 13:32:22,47.6167,-57.6152,60.98,88,47,20.65
87,Chokurdakh,RU,2021-07-31 13:31:18,70.6333,147.9167,37.98,82,100,18.45
88,Mana,GF,2021-07-31 13:32:22,5.6592,-53.7767,84.34,68,6,4.12
89,Kapaa,US,2021-07-31 13:28:31,22.0752,-159.319,80.92,72,75,1.99
90,Henties Bay,NA,2021-07-31 13:32:23,-22.116,14.2845,81.0,28,0,1.61
91,Saint George,US,2021-07-31 13:32:23,37.1041,-113.5841,78.35,64,1,1.01
92,Lompoc,US,2021-07-31 13:32:23,34.6391,-120.4579,60.48,96,90,3.44
93,Pinerovka,RU,2021-07-31 13:32:24,51.562,43.0689,82.98,47,95,6.02
94,Palmer,US,2021-07-31 13:32:24,42.1584,-72.3287,66.31,60,20,4.0
95,Tasiilaq,GL,2021-07-31 13:32:25,65.6145,-37.6368,55.56,75,99,1.92
96,Marsh Harbour,BS,2021-07-31 13:32:25,26.5412,-77.0636,84.29,65,0,8.52
97,Coihueco,CL,2021-07-31 13:32:25,-36.6167,-71.8333,41.74,100,90,10.36
98,Stromness,GB,2021-07-31 13:32:26,58.965,-3.296,55.65,77,100,16.62
99,Marsabit,KE,2021-07-31 13:32:26,2.3284,37.9899,78.21,31,98,21.45
100,Elko,US,2021-07-31 13:32:26,41.0002,-115.5012,64.42,87,95,0.92
101,Goiana,BR,2021-07-31 13:32:27,-7.5606,-35.0025,82.92,72,8,12.95
102,Aitape,PG,2021-07-31 13:32:27,-3.1374,142.3475,78.96,85,56,6.69
103,Hermanus,ZA,2021-07-31 13:32:27,-34.4187,19.2345,68.9,75,100,2.73
104,Hami,CN,2021-07-31 13:32:28,42.8,93.45,86.77,26,100,20.07
105,Sao Filipe,CV,2021-07-31 13:32:28,14.8961,-24.4956,76.66,84,50,10.83
106,Eydhafushi,MV,2021-07-31 13:32:28,5.1033,73.0708,81.91,76,99,9.73
107,Karaton,ID,2021-07-31 13:32:29,-6.3424,106.1045,80.76,91,21,0.72
108,Beaverlodge,CA,2021-07-31 13:32:29,55.2166,-119.4361,56.55,71,0,2.62
109,Belmonte,BR,2021-07-31 13:32:29,-15.8631,-38.8828,68.5,77,97,17.85
110,Sitka,US,2021-07-31 13:32:30,57.0531,-135.33,60.69,82,1,0.0
111,Shitanjing,CN,2021-07-31 13:31:26,39.2342,106.3439,77.99,24,0,15.68
112,Hobyo,SO,2021-07-31 13:32:30,5.3505,48.5268,79.57,67,95,28.77
113,Guerrero Negro,MX,2021-07-31 13:32:30,27.9769,-114.0611,70.75,81,71,4.72
114,Puerto Ayora,EC,2021-07-31 13:29:46,-0.7393,-90.3518,68.56,98,98,8.01
115,Coihaique,CL,2021-07-31 13:32:31,-45.5752,-72.0662,31.95,86,20,4.61
116,Chuy,UY,2021-07-31 13:31:28,-33.6971,-53.4616,52.47,64,0,6.2
117,Mrakovo,RU,2021-07-31 13:32:31,52.7161,56.6244,86.23,32,67,14.43
118,San Patricio,US,2021-07-31 13:32:32,28.017,-97.5169,84.88,68,23,7.85
119,Kodiak,US,2021-07-31 13:32:04,57.79,-152.4072,53.11,87,90,0.0
120,Khatanga,RU,2021-07-31 13:32:32,71.9667,102.5,74.61,34,10,13.42
121,Ostrovnoy,RU,2021-07-31 13:32:32,68.0531,39.5131,48.58,92,100,9.93
122,Sao Joao Da Barra,BR,2021-07-31 13:32:18,-21.6403,-41.0511,68.09,64,69,13.02
123,Ribeira Grande,PT,2021-07-31 13:30:09,38.5167,-28.7,75.6,78,20,6.91
124,San Cristobal,VE,2021-07-31 13:32:33,7.7669,-72.225,75.38,72,64,6.06
125,Rockland,US,2021-07-31 13:32:33,41.1668,-74.0496,69.04,67,21,1.01
126,Harper,LR,2021-07-31 13:32:34,4.375,-7.7169,78.44,80,98,12.5
127,Bandar,ID,2021-07-31 13:32:34,2.05,99.75,73.65,97,83,2.98
128,Beringovskiy,RU,2021-07-31 13:32:34,63.05,179.3167,43.25,84,100,15.26
129,Ndele,CF,2021-07-31 13:32:35,8.4109,20.6473,77.52,89,94,1.07
130,Kenitra,MA,2021-07-31 13:32:35,34.261,-6.5802,81.73,57,18,15.86
131,Tsiroanomandidy,MG,2021-07-31 13:32:36,-18.7667,46.0333,76.64,26,20,3.24
132,Arraial Do Cabo,BR,2021-07-31 13:32:36,-22.9661,-42.0278,71.56,82,75,11.5
133,Ponta Do Sol,PT,2021-07-31 13:32:36,32.6667,-17.1,82.71,66,0,4.52
134,Monitos,CO,2021-07-31 13:32:37,8.25,-76.05,79.39,82,100,1.3
135,Saint-Pierre,RE,2021-07-31 13:32:37,-21.3393,55.4781,73.29,67,0,31.07
136,Mandalgovi,MN,2021-07-31 13:32:37,45.7625,106.2708,64.65,49,92,9.53
137,Bihariganj,IN,2021-07-31 13:32:38,25.7333,86.9833,82.22,84,100,10.22
138,Tabou,CI,2021-07-31 13:32:38,4.423,-7.3528,78.55,80,87,11.86
139,Upernavik,GL,2021-07-31 13:32:38,72.7868,-56.1549,42.31,77,100,9.95
140,Gbarnga,LR,2021-07-31 13:32:39,6.9956,-9.4722,79.66,80,66,4.18
141,Bjornevatn,NO,2021-07-31 13:32:39,69.6672,29.9847,49.62,83,100,3.22
142,East London,ZA,2021-07-31 13:31:45,-33.0153,27.9116,77.94,31,0,6.91
143,Bethel,US,2021-07-31 13:31:50,41.3712,-73.414,68.76,70,1,4.61
144,Mackay,AU,2021-07-31 13:32:40,-21.15,149.2,70.68,94,40,3.44
145,Bambous Virieux,MU,2021-07-31 13:32:40,-20.3428,57.7575,73.65,64,40,10.36
146,Puksoozero,RU,2021-07-31 13:32:40,62.5903,40.6066,57.51,92,100,7.45
147,Brae,GB,2021-07-31 13:32:41,60.3964,-1.353,53.51,73,88,17.58
148,Souillac,MU,2021-07-31 13:32:41,-20.5167,57.5167,73.78,64,40,10.36
149,Karratha,AU,2021-07-31 13:32:41,-20.7377,116.8463,68.92,41,3,12.57
150,Touros,BR,2021-07-31 13:32:42,-5.1989,-35.4608,81.5,58,97,18.32
151,Namibe,AO,2021-07-31 13:32:42,-15.1961,12.1522,77.63,78,75,13.8
152,Paamiut,GL,2021-07-31 13:32:42,61.994,-49.6678,47.59,80,99,12.03
153,Hoyanger,NO,2021-07-31 13:32:43,61.2204,6.0749,65.61,59,66,5.12
154,Sherbakul,RU,2021-07-31 13:32:43,54.6316,72.3963,80.28,60,100,4.59
155,Bilibino,RU,2021-07-31 13:32:43,68.0546,166.4372,35.13,90,99,1.28
156,Burnie,AU,2021-07-31 13:32:44,-41.0667,145.9167,49.5,87,100,11.01
157,Vardo,NO,2021-07-31 13:32:44,70.3705,31.1107,50.2,91,100,16.96
158,Aklavik,CA,2021-07-31 13:32:44,68.2191,-135.0107,59.83,88,75,4.61
159,Te Anau,NZ,2021-07-31 13:32:45,-45.4167,167.7167,46.4,98,100,0.51
160,Bredasdorp,ZA,2021-07-31 13:31:46,-34.5322,20.0403,61.92,72,89,8.05
161,Ayan,RU,2021-07-31 13:32:45,56.45,138.1667,53.13,77,100,7.29
162,Cherskiy,RU,2021-07-31 13:32:46,68.75,161.3,42.37,89,100,17.27
163,Chicama,PE,2021-07-31 13:32:46,-7.8447,-79.1469,61.34,74,16,5.01
164,Pangnirtung,CA,2021-07-31 13:32:46,66.1451,-65.7125,55.2,61,100,2.24
165,Capelinha,BR,2021-07-31 13:32:47,-17.6914,-42.5158,63.3,58,92,7.0
166,Araouane,ML,2021-07-31 13:32:47,18.9048,-3.5265,104.07,23,79,7.36
167,Antalaha,MG,2021-07-31 13:32:47,-14.9003,50.2788,72.79,69,0,13.42
168,Namie,JP,2021-07-31 13:32:48,37.4833,141.0,78.71,97,100,7.96
169,Kankon,IN,2021-07-31 13:32:48,15.0167,74.0167,82.2,85,100,12.1
170,Namatanai,PG,2021-07-31 13:32:48,-3.6667,152.4333,79.0,82,5,6.2
171,Fort Nelson,CA,2021-07-31 13:32:49,58.8053,-122.7002,53.19,94,1,2.3
172,Rimbey,CA,2021-07-31 13:30:13,52.6334,-114.2353,54.52,70,0,5.35
173,Nanortalik,GL,2021-07-31 13:32:49,60.1432,-45.2371,47.32,80,79,8.46
174,Sao Felix Do Xingu,BR,2021-07-31 13:32:49,-6.6447,-51.995,90.59,25,55,4.23
175,Reconquista,AR,2021-07-31 13:32:50,-29.15,-59.65,58.03,43,1,6.15
176,Leshukonskoye,RU,2021-07-31 13:32:50,64.8989,45.7622,63.57,82,100,5.53
177,Changzhou,CN,2021-07-31 13:32:51,31.7833,119.9667,83.98,90,17,4.85
178,Rio Gallegos,AR,2021-07-31 13:32:51,-51.6226,-69.2181,33.85,60,0,10.36
179,Dubreka,GN,2021-07-31 13:32:51,9.7911,-13.5233,77.07,97,100,6.31
180,Feira Nova,BR,2021-07-31 13:32:52,-7.9508,-35.3892,77.04,59,50,17.02
181,Arawa,PG,2021-07-31 13:32:52,-6.2132,155.5367,76.23,90,96,3.31
182,Kavieng,PG,2021-07-31 13:32:53,-2.5744,150.7967,81.5,77,7,7.56
183,Pevek,RU,2021-07-31 13:32:53,69.7008,170.3133,33.84,83,100,3.29
184,Hambantota,LK,2021-07-31 13:32:54,6.1241,81.1185,86.34,70,20,12.66
185,Omboue,GA,2021-07-31 13:32:54,-1.5746,9.2618,79.45,66,31,11.23
186,Bengkulu,ID,2021-07-31 13:29:40,-3.8004,102.2655,78.78,86,85,7.2
187,Qostanay,KZ,2021-07-31 13:32:54,53.1667,63.5833,86.29,35,20,8.95
188,Dikson,RU,2021-07-31 13:32:55,73.5069,80.5464,47.21,95,100,14.47
189,Saskylakh,RU,2021-07-31 13:32:55,71.9167,114.0833,72.91,40,0,8.32
190,Chenghai,CN,2021-07-31 13:32:55,23.4632,116.768,78.71,94,20,2.24
191,Leningradskiy,RU,2021-07-31 13:32:56,69.3833,178.4167,31.96,94,100,8.84
192,Wadi Musa,JO,2021-07-31 13:32:56,30.3222,35.4793,86.72,15,0,10.16
193,Nome,US,2021-07-31 13:29:12,64.5011,-165.4064,53.67,94,90,21.85
194,Tilichiki,RU,2021-07-31 13:32:57,60.4667,166.1,43.11,70,7,4.74
195,Huron,US,2021-07-31 13:32:57,41.1501,-82.5499,68.54,68,1,4.36
196,Mildura,AU,2021-07-31 13:31:42,-34.2,142.15,51.76,93,90,5.75
197,Bogovarovo,RU,2021-07-31 13:32:57,58.9785,47.0246,77.85,43,5,9.4
198,Bonthe,SL,2021-07-31 13:32:58,7.5264,-12.505,74.41,92,100,11.48
199,Mar Del Plata,AR,2021-07-31 13:29:11,-38.0023,-57.5575,51.01,71,0,5.99
200,Lafiagi,NG,2021-07-31 13:32:58,8.8667,5.4167,86.02,65,83,6.29
201,Bathsheba,BB,2021-07-31 13:31:27,13.2167,-59.5167,84.81,79,75,20.71
202,Nikolskoye,RU,2021-07-31 13:32:59,59.7035,30.7861,73.29,43,12,12.66
203,Takoradi,GH,2021-07-31 13:32:59,4.8845,-1.7554,80.38,74,81,11.14
204,Port Hedland,AU,2021-07-31 13:31:22,-20.3167,118.5667,66.25,77,5,8.05
205,Zhigansk,RU,2021-07-31 13:33:00,66.7697,123.3711,65.62,41,20,6.33
206,Dolinsk,RU,2021-07-31 13:33:00,47.35,142.8,62.46,93,100,7.2
207,College,US,2021-07-31 13:33:00,64.8569,-147.8028,57.79,85,40,3.44
208,Lasa,IT,2021-07-31 13:33:01,46.6166,10.7002,80.51,70,58,5.37
209,Najran,SA,2021-07-31 13:33:01,17.4924,44.1277,99.25,24,82,18.52
210,Esperance,AU,2021-07-31 13:32:50,-33.8667,121.9,48.04,66,7,20.94
211,Ancud,CL,2021-07-31 13:33:02,-41.8697,-73.8203,33.33,75,57,3.94
212,High Level,CA,2021-07-31 13:33:02,58.5169,-117.136,55.51,94,1,3.44
213,Mimongo,GA,2021-07-31 13:33:03,-1.6195,11.6068,90.0,34,3,5.08
214,Soc Trang,VN,2021-07-31 13:33:03,9.6033,105.98,82.36,85,67,8.88
215,Luwuk,ID,2021-07-31 13:33:03,-0.9516,122.7875,76.71,87,5,4.54
216,Phalaborwa,ZA,2021-07-31 13:33:04,-23.943,31.1411,87.08,27,0,5.37
217,Shelburne,CA,2021-07-31 13:32:09,44.0787,-80.2041,60.76,56,100,9.6
218,Cabo San Lucas,MX,2021-07-31 13:29:24,22.8909,-109.9124,84.51,75,93,7.72
219,Mount Gambier,AU,2021-07-31 13:33:04,-37.8333,140.7667,46.31,93,100,11.5
220,Besikduzu,TR,2021-07-31 13:33:05,41.052,39.2284,80.49,78,41,3.15
221,Mao,ES,2021-07-31 13:33:05,39.8885,4.2658,84.76,61,40,6.91
222,Geraldton,AU,2021-07-31 13:33:05,-28.7667,114.6,59.41,58,75,13.8
223,Otofuke,JP,2021-07-31 13:33:06,42.9917,143.2003,71.38,92,99,1.19
224,Severo-Yeniseyskiy,RU,2021-07-31 13:33:06,60.3725,93.0408,56.28,63,29,3.78
225,Pisco,PE,2021-07-31 13:33:06,-13.7,-76.2167,63.01,77,90,5.75
226,Manchester,GB,2021-07-31 13:28:48,53.4809,-2.2374,65.44,75,90,3.0
227,Tuatapere,NZ,2021-07-31 13:33:07,-46.1333,167.6833,47.82,98,100,0.94
228,Deputatskiy,RU,2021-07-31 13:33:07,69.3,139.9,43.23,70,89,9.06
229,Fukue,JP,2021-07-31 13:33:08,32.6881,128.8419,81.0,88,81,9.24
230,Nyurba,RU,2021-07-31 13:33:08,63.2842,118.3319,62.01,54,7,2.33
231,Luanda,AO,2021-07-31 13:32:47,-8.8368,13.2343,75.2,78,0,11.5
232,Buin,CL,2021-07-31 13:33:08,-33.7333,-70.75,58.73,29,13,1.66
233,Takapau,NZ,2021-07-31 13:33:09,-40.0333,176.35,43.74,93,96,2.37
234,Sola,VU,2021-07-31 13:33:09,-13.8833,167.55,78.04,69,100,14.94
235,Luneville,FR,2021-07-31 13:33:09,48.6,6.5,71.02,68,100,7.58
236,Clyde River,CA,2021-07-31 13:28:27,70.4692,-68.5914,48.43,71,40,6.91
237,Plavinas,LV,2021-07-31 13:33:10,56.6178,25.7255,74.7,49,77,11.52
238,Tonekabon,IR,2021-07-31 13:33:10,36.8163,50.8738,80.55,86,83,2.01
239,Manaure,CO,2021-07-31 13:33:11,11.7751,-72.4445,85.95,61,3,22.66
240,Olafsvik,IS,2021-07-31 13:33:11,64.8945,-23.7142,56.05,87,81,5.59
241,Tanout,NE,2021-07-31 13:33:11,14.9709,8.8879,91.42,42,97,6.29
242,Sainte-Suzanne,RE,2021-07-31 13:33:12,-20.9061,55.6089,73.85,68,40,23.02
243,Santa Maria,BR,2021-07-31 13:33:12,-29.6842,-53.8069,43.9,100,20,5.75
244,Sekoma,BW,2021-07-31 13:33:12,-24.4,23.8833,71.46,22,0,10.42
245,Culiacan,MX,2021-07-31 13:31:05,24.7994,-107.3897,80.64,80,75,5.75
246,Yar-Sale,RU,2021-07-31 13:33:13,66.8333,70.8333,56.41,69,67,8.9
247,Road Town,VG,2021-07-31 13:33:13,18.4167,-64.6167,85.19,79,40,13.8
248,Blackfoot,US,2021-07-31 13:33:14,43.1905,-112.345,71.35,80,78,8.88
249,Padang,ID,2021-07-31 13:33:14,-0.9492,100.3543,78.85,87,100,3.29
250,Borovskoy,KZ,2021-07-31 13:33:14,53.8,64.15,81.54,51,60,3.09
251,Bisira,PA,2021-07-31 13:33:14,8.5196,-81.7115,69.04,70,18,3.24
252,Humboldt,US,2021-07-31 13:33:15,40.6665,-123.9178,45.12,67,95,1.34
253,Mayo,US,2021-07-31 13:33:15,38.8876,-76.5119,71.74,66,1,8.99
254,Shinyanga,TZ,2021-07-31 13:33:15,-3.6667,33.4333,84.43,20,5,12.73
255,Labuhan,ID,2021-07-31 13:33:16,-6.8844,112.2051,78.6,75,26,7.29
256,Plainview,US,2021-07-31 13:33:16,40.7765,-73.4673,70.83,61,1,3.0
257,Mareeba,AU,2021-07-31 13:33:16,-17.0,145.4333,66.92,95,100,2.71
258,Caltzontzin,MX,2021-07-31 13:33:17,19.4285,-102.0051,60.42,100,75,0.0
259,Beirut,LB,2021-07-31 13:33:17,33.8889,35.4944,91.38,66,0,10.36
260,Sobolevo,RU,2021-07-31 13:32:10,54.4299,31.8996,77.74,44,10,11.61
261,Port Macquarie,AU,2021-07-31 13:32:23,-31.4333,152.9167,53.49,100,0,0.0
262,Winsum,NL,2021-07-31 13:33:18,53.33,6.5208,68.18,31,72,19.06
263,Poum,NC,2021-07-31 13:33:18,-20.2333,164.0167,68.85,59,3,20.13
264,Peleduy,RU,2021-07-31 13:33:18,59.6289,112.7406,60.8,49,53,4.72
265,Yulara,AU,2021-07-31 13:33:19,-25.2406,130.9889,69.64,37,75,11.5
266,Maldonado,UY,2021-07-31 13:33:19,-34.6667,-54.9167,56.23,62,0,6.87
267,Acarau,BR,2021-07-31 13:33:19,-2.8856,-40.12,87.89,47,56,13.18
268,Whitianga,NZ,2021-07-31 13:33:20,-36.8333,175.7,49.01,76,66,13.82
269,Portland,US,2021-07-31 13:30:46,45.5234,-122.6762,75.63,61,75,1.01
270,Vila Velha,BR,2021-07-31 13:32:34,-20.3297,-40.2925,72.97,47,0,17.27
271,Anloga,GH,2021-07-31 13:33:20,5.7947,0.8973,84.42,75,19,13.62
272,Mahebourg,MU,2021-07-31 13:33:21,-20.4081,57.7,73.69,64,40,10.36
273,Ijuin,JP,2021-07-31 13:33:21,31.6167,130.4,79.92,90,100,2.26
274,Ulaangom,MN,2021-07-31 13:33:22,49.9811,92.0667,58.35,75,100,3.13
275,Pau Brasil,BR,2021-07-31 13:33:22,-15.4642,-39.6511,68.41,78,100,7.02
276,Balkanabat,TM,2021-07-31 13:33:22,39.5108,54.3671,100.06,10,52,13.24
277,Prainha,BR,2021-07-31 13:33:23,-1.8,-53.48,73.2,97,100,4.25
278,Mega,ET,2021-07-31 13:33:23,4.05,38.3,68.72,42,95,20.89
279,Bubaque,GW,2021-07-31 13:33:23,11.2833,-15.8333,79.09,83,100,18.57
280,Manjo,CM,2021-07-31 13:33:24,4.8428,9.8217,77.04,83,78,4.45
281,Havre-Saint-Pierre,CA,2021-07-31 13:33:24,50.2334,-63.5986,55.76,100,90,5.75
282,Walvis Bay,NA,2021-07-31 13:33:24,-22.9575,14.5053,92.35,9,0,8.05
283,Shebunino,RU,2021-07-31 13:33:25,46.4339,141.8603,66.04,91,55,13.67
284,Norman Wells,CA,2021-07-31 13:33:25,65.282,-126.8329,53.64,87,40,3.44
285,Vestmanna,FO,2021-07-31 13:33:25,62.1564,-7.1664,50.92,82,75,13.8
286,Monrovia,LR,2021-07-31 13:33:26,6.3005,-10.7969,74.97,80,84,12.03
287,Kushmurun,KZ,2021-07-31 13:33:26,52.4503,64.6311,85.75,41,53,5.5
288,Garissa,KE,2021-07-31 13:33:27,-0.4536,39.6401,88.32,30,99,24.67
289,Cayenne,GF,2021-07-31 13:30:04,4.9333,-52.3333,88.09,73,75,1.99
290,Terny,UA,2021-07-31 13:33:27,50.9833,33.9833,86.95,32,13,7.92
291,Quatre Cocos,MU,2021-07-31 13:33:27,-20.2078,57.7625,73.51,63,9,18.1
292,Trelew,AR,2021-07-31 13:33:28,-43.249,-65.3051,44.44,41,0,4.85
293,Caravelas,BR,2021-07-31 13:33:28,-17.7125,-39.2481,72.32,58,100,12.93
294,Ler,SS,2021-07-31 13:33:28,8.3018,30.1418,76.73,87,86,4.21
295,Kropotkin,RU,2021-07-31 13:33:29,45.4375,40.5756,96.04,18,6,2.1
296,Caluquembe,AO,2021-07-31 13:33:29,-13.7833,14.6833,78.46,12,0,5.66
297,Orapa,BW,2021-07-31 13:33:29,-21.2833,25.3667,73.83,22,0,14.81
298,Ghanzi,BW,2021-07-31 13:33:30,-21.5667,21.7833,71.82,18,0,13.98
299,Saint-Georges,GD,2021-07-31 13:33:30,12.0564,-61.7485,82.08,89,40,9.22
300,Ambulu,ID,2021-07-31 13:33:30,-8.345,113.6058,76.66,82,98,4.99
301,Gat,IL,2021-07-31 13:33:31,31.61,34.7642,96.4,31,0,12.41
302,Pucallpa,PE,2021-07-31 13:33:31,-8.3791,-74.5539,69.84,83,20,4.61
303,Fortuna,US,2021-07-31 13:33:32,40.5982,-124.1573,53.92,95,90,0.0
304,Baykit,RU,2021-07-31 13:32:35,61.67,96.37,60.64,72,100,0.92
305,Coquimbo,CL,2021-07-31 13:31:25,-29.9533,-71.3436,44.33,100,90,5.75
306,Cidreira,BR,2021-07-31 13:31:30,-30.1811,-50.2056,58.08,64,0,14.63
307,Poronaysk,RU,2021-07-31 13:33:32,49.2167,143.1167,58.23,85,100,5.75
308,Barra Do Garcas,BR,2021-07-31 13:33:33,-15.89,-52.2567,73.98,35,0,5.75
309,Grand Gaube,MU,2021-07-31 13:32:23,-20.0064,57.6608,73.8,66,4,10.0
310,Swan Hill,AU,2021-07-31 13:33:33,-35.3378,143.5544,50.74,92,94,13.35
311,Lagos,NG,2021-07-31 13:33:34,6.5833,3.75,88.12,61,41,10.04
312,Vinh,VN,2021-07-31 13:33:34,18.6667,105.6667,83.17,68,82,9.31
313,Rivera,UY,2021-07-31 13:33:34,-30.9053,-55.5508,52.2,63,2,6.06
314,Stawell,AU,2021-07-31 13:33:35,-37.05,142.7667,45.59,95,100,1.81
315,Viedma,AR,2021-07-31 13:33:35,-40.8135,-62.9967,51.82,47,0,10.74
316,Bandundu,CD,2021-07-31 13:33:35,-3.3167,17.3667,101.34,17,76,4.63
317,Airai,TL,2021-07-31 13:33:36,-8.9266,125.4092,58.42,94,33,2.53
318,Marawi,PH,2021-07-31 13:33:36,7.9986,124.2928,73.65,94,99,1.63
319,Callaway,US,2021-07-31 13:33:37,30.153,-85.5699,87.94,83,1,1.99
320,Vanimo,PG,2021-07-31 13:33:37,-2.6741,141.3028,78.55,87,83,5.14
321,Falam,MM,2021-07-31 13:33:37,22.9167,93.6833,65.08,98,100,2.62
322,Russell,US,2021-07-31 13:33:38,32.3502,-85.1999,83.48,83,1,4.61
323,Bontang,ID,2021-07-31 13:33:38,0.1333,117.5,78.75,88,50,9.44
324,Muscat,OM,2021-07-31 13:33:13,23.6139,58.5922,96.82,59,62,8.75
325,Moose Factory,CA,2021-07-31 13:33:39,51.2585,-80.6094,62.6,63,1,5.75
326,Cravo Norte,CO,2021-07-31 13:33:39,6.3017,-70.2041,78.8,78,67,8.95
327,Buritizeiro,BR,2021-07-31 13:33:39,-17.3511,-44.9622,76.26,45,65,8.55
328,Dusetos,LT,2021-07-31 13:33:40,55.75,25.85,76.24,44,64,12.28
329,Kjollefjord,NO,2021-07-31 13:33:40,70.9457,27.3465,52.81,73,100,7.49
330,Bud,US,2021-07-31 13:33:40,39.447,-86.1758,68.31,82,98,1.05
331,Alihe,CN,2021-07-31 13:33:41,50.5667,123.7167,54.21,99,100,4.61
332,Saint-Augustin,CA,2021-07-31 13:33:24,51.226,-58.6502,56.44,97,100,7.2
333,Mangai,CD,2021-07-31 13:33:41,-4.05,19.5333,96.6,17,62,5.37
334,Yining,CN,2021-07-31 13:33:42,29.0361,114.5636,79.2,82,76,1.14
335,Nhulunbuy,AU,2021-07-31 13:33:42,-12.2333,136.7667,77.61,88,44,6.91
336,Sabang,ID,2021-07-31 13:33:42,5.8933,95.3214,83.07,73,100,23.87
337,Richmond,US,2021-07-31 13:28:56,37.5538,-77.4603,75.51,76,75,5.01
338,Alice Springs,AU,2021-07-31 13:33:43,-23.7,133.8833,71.15,24,0,11.5
339,Batagay,RU,2021-07-31 13:33:43,67.6333,134.6333,60.46,71,10,4.23
340,Moussoro,TD,2021-07-31 13:33:43,13.6408,16.4901,87.82,55,98,11.99
341,Lavrentiya,RU,2021-07-31 13:33:44,65.5833,-171.0,42.37,93,100,10.6
342,Xalpatlahuac,MX,2021-07-31 13:33:44,17.4667,-98.6167,61.79,90,87,2.39
343,Ossora,RU,2021-07-31 13:33:44,59.2353,163.0719,47.26,75,5,4.59
344,Waddan,LY,2021-07-31 13:33:45,29.1614,16.139,104.86,9,0,11.54
345,Asau,RO,2021-07-31 13:33:45,46.4333,26.4,92.39,45,31,3.71
346,Lata,PT,2021-07-31 13:33:45,40.1629,-8.3327,76.05,42,100,15.75
347,Cheshire,US,2021-07-31 13:33:46,41.499,-72.9007,69.35,62,1,4.0
348,Finnsnes,NO,2021-07-31 13:33:46,69.2296,17.9811,51.35,79,100,4.99
349,San Buenaventura,MX,2021-07-31 13:33:46,27.0833,-101.5333,83.48,67,8,0.87
350,Chudniv,UA,2021-07-31 13:33:47,50.052,28.1175,84.61,44,73,6.98
351,Flin Flon,CA,2021-07-31 13:33:47,54.7682,-101.865,62.44,63,40,4.61
352,Chimoio,MZ,2021-07-31 13:33:47,-19.1164,33.4833,69.66,64,40,12.66
353,Newport,GB,2021-07-31 13:32:00,51.5877,-2.9984,70.68,70,85,12.82
354,Varhaug,NO,2021-07-31 13:33:48,58.6147,5.6457,61.79,71,99,21.77
355,Senno,RU,2021-07-31 13:33:48,59.5336,33.9167,68.27,65,62,12.19
356,Lebanon,US,2021-07-31 13:32:01,36.2081,-86.2911,79.45,86,1,0.0
357,Nabire,ID,2021-07-31 13:33:49,-3.3667,135.4833,76.77,90,100,3.47
358,Buala,SB,2021-07-31 13:33:49,-8.145,159.5921,78.37,86,100,8.39
359,Kalia,BD,2021-07-31 13:33:49,23.0396,89.6328,81.64,88,100,10.09
360,Lorengau,PG,2021-07-31 13:33:50,-2.0226,147.2712,80.65,77,99,2.39
361,Karasjok,NO,2021-07-31 13:33:50,69.4719,25.5112,51.91,67,100,5.7
362,Ilfracombe,GB,2021-07-31 13:33:50,51.2093,-4.1134,66.76,93,75,8.01
363,Muswellbrook,AU,2021-07-31 13:30:13,-32.2667,150.9,47.32,93,1,3.13
364,Punta Alta,AR,2021-07-31 13:33:51,-38.8759,-62.0736,52.5,59,46,9.35
365,Melnikovo,RU,2021-07-31 13:33:51,56.5558,84.085,73.92,65,100,4.0
366,Megion,RU,2021-07-31 13:32:14,61.0296,76.1136,59.02,78,86,6.22
367,Nuuk,GL,2021-07-31 13:33:52,64.1835,-51.7216,56.01,62,20,19.57
368,Sosva,RU,2021-07-31 13:33:52,59.1766,61.8558,68.45,71,100,5.1
369,Adrar,MR,2021-07-31 13:33:52,20.5022,-10.0711,106.75,17,54,8.39
370,Sorland,NO,2021-07-31 13:33:53,67.667,12.6934,49.73,76,78,15.05
371,Kemijarvi,FI,2021-07-31 13:33:53,66.7131,27.4306,60.93,63,92,3.91
372,Meulaboh,ID,2021-07-31 13:33:53,4.1363,96.1285,75.76,88,100,1.95
373,Sao Jose Da Coroa Grande,BR,2021-07-31 13:33:54,-8.8978,-35.1478,79.56,73,3,15.5
374,Kumbo,CM,2021-07-31 13:33:54,6.2,10.6667,68.02,83,86,2.17
375,General Pico,AR,2021-07-31 13:33:54,-35.6566,-63.7568,51.76,41,99,5.64
376,Nyandoma,RU,2021-07-31 13:33:55,61.669,40.1991,57.45,90,90,6.06
377,Miraflores,MX,2021-07-31 13:33:55,19.2167,-98.8083,57.02,78,30,3.09
378,Shimoda,JP,2021-07-31 13:33:55,34.6667,138.95,77.11,84,6,2.53
379,Salalah,OM,2021-07-31 13:31:36,17.0151,54.0924,78.89,89,90,11.5
380,Veraval,IN,2021-07-31 13:33:56,20.9,70.3667,81.91,84,100,21.65
381,Constitucion,CL,2021-07-31 13:33:56,-35.3333,-72.4167,52.95,71,100,6.55
382,Alofi,NU,2021-07-31 13:33:57,-19.0595,-169.9187,78.69,89,100,11.5
383,Port Said,EG,2021-07-31 13:33:57,31.2565,32.2841,85.98,70,0,8.05
384,Prince Rupert,CA,2021-07-31 13:33:57,54.3161,-130.3201,56.89,100,90,0.0
385,Tevriz,RU,2021-07-31 13:33:58,57.509,72.4042,64.67,78,95,4.21
386,Gogrial,SS,2021-07-31 13:33:58,8.5332,28.1004,76.91,82,100,4.9
387,Ilhabela,BR,2021-07-31 13:30:17,-23.7781,-45.3581,65.35,54,60,2.64
388,Kavaratti,IN,2021-07-31 13:33:58,10.5669,72.642,82.15,79,94,17.2
389,Apricena,IT,2021-07-31 13:33:59,41.7839,15.4437,104.09,20,4,3.4
390,Kilindoni,TZ,2021-07-31 13:33:59,-7.9139,39.6668,76.1,77,65,14.09
391,Pangody,RU,2021-07-31 13:33:59,65.85,74.4859,58.75,57,85,10.71
392,Luderitz,NA,2021-07-31 13:34:00,-26.6481,15.1594,79.18,23,0,10.87
393,Mocuba,MZ,2021-07-31 13:34:00,-16.8392,36.9856,69.78,80,99,6.13
394,Fairbanks,US,2021-07-31 13:30:04,64.8378,-147.7164,57.81,85,1,5.75
395,San Quintin,MX,2021-07-31 13:34:01,30.4833,-115.95,69.82,83,0,7.38
396,Mahad,IN,2021-07-31 13:34:01,18.0833,73.4167,78.12,92,90,7.81
397,Salinopolis,BR,2021-07-31 13:34:01,-0.6136,-47.3561,84.15,71,31,8.77
398,Villablino,ES,2021-07-31 13:34:02,42.9393,-6.3194,68.83,44,11,9.04
399,Mezen,RU,2021-07-31 13:34:02,65.8522,44.24,68.09,70,100,1.36
400,Zyryanka,RU,2021-07-31 13:34:03,65.75,150.85,54.57,59,45,17.85
401,Kailua,US,2021-07-31 13:34:03,21.4022,-157.7394,78.78,68,75,11.5
402,Papara,BR,2021-07-31 13:34:04,-3.9839,-38.7273,85.73,39,99,10.85
403,Tahta,EG,2021-07-31 13:34:04,26.7693,31.5021,105.91,9,0,13.04
404,Candido Mendes,BR,2021-07-31 13:34:05,-1.4467,-45.7167,80.01,91,21,5.73
405,Hongjiang,CN,2021-07-31 13:34:05,27.11,109.9956,83.05,67,100,2.48
406,Axim,GH,2021-07-31 13:34:05,4.8699,-2.2405,81.25,70,77,9.91
407,San Ramon,US,2021-07-31 13:33:56,37.7799,-121.978,63.28,87,1,5.99
408,Odda,NO,2021-07-31 13:34:06,60.0691,6.5457,62.78,69,100,6.51
409,Ahipara,NZ,2021-07-31 13:34:06,-35.1667,173.1667,54.79,86,95,7.74
410,Port-Gentil,GA,2021-07-31 13:34:06,-0.7193,8.7815,82.36,65,40,14.97
411,Ambilobe,MG,2021-07-31 13:34:07,-13.2,49.05,80.06,47,1,0.43
412,Cabedelo,BR,2021-07-31 13:32:56,-6.9811,-34.8339,83.07,70,5,18.84
413,La Palma,US,2021-07-31 13:34:07,33.8464,-118.0467,76.51,90,1,1.01
414,Oistins,BB,2021-07-31 13:34:08,13.0667,-59.5333,84.29,79,75,20.71
415,Tombouctou,ML,2021-07-31 13:34:08,20.0,-3.0,107.51,18,26,6.15
416,Nemuro,JP,2021-07-31 13:34:08,43.3236,145.575,66.22,99,100,14.18
417,Dayong,CN,2021-07-31 13:34:09,25.0209,118.2898,83.88,97,100,3.56
418,Sale,MA,2021-07-31 13:34:09,34.0389,-6.8166,81.64,65,40,8.05
419,Garowe,SO,2021-07-31 13:34:09,8.4054,48.4845,88.23,29,100,25.28
420,Ugoofaaru,MV,2021-07-31 13:34:09,5.6667,73.0,81.43,77,100,10.51
421,Sur,OM,2021-07-31 13:32:03,22.5667,59.5289,98.94,42,39,15.28
422,Goderich,CA,2021-07-31 13:31:53,43.7501,-81.7165,62.91,77,25,8.05
423,Shingu,JP,2021-07-31 13:33:47,33.7333,135.9833,74.91,93,14,3.24
424,Maragogi,BR,2021-07-31 13:34:09,-9.0122,-35.2225,79.75,72,2,15.82
425,Avera,US,2021-07-31 13:34:10,33.194,-82.5271,83.71,65,44,6.06
426,Acajutla,SV,2021-07-31 13:34:11,13.5928,-89.8275,80.94,63,8,4.38
427,Uray,RU,2021-07-31 13:34:11,60.1247,64.7758,70.9,51,10,5.19
428,Qaqortoq,GL,2021-07-31 13:34:11,60.7167,-46.0333,61.3,71,98,2.17
429,Warrington,GB,2021-07-31 13:30:22,53.3925,-2.5802,65.91,75,75,4.0
430,Tual,ID,2021-07-31 13:34:12,-5.6667,132.75,81.39,80,44,15.93
431,Birjand,IR,2021-07-31 13:34:12,32.8663,59.2211,91.87,8,0,6.91
432,Port Pirie,AU,2021-07-31 13:34:13,-33.1833,138.0167,55.49,93,100,13.71
433,Ban Dung,TH,2021-07-31 13:34:13,17.699,103.2596,86.02,95,100,5.73
434,Medford,US,2021-07-31 13:34:13,42.3265,-122.8756,74.32,68,1,0.0
435,Port Lincoln,AU,2021-07-31 13:30:13,-34.7333,135.8667,51.48,73,96,7.67
436,Narrabri,AU,2021-07-31 13:34:14,-30.3167,149.7833,68.09,49,0,25.32
437,Sturgeon Falls,CA,2021-07-31 13:34:14,46.3646,-79.9326,61.9,66,100,6.31
438,Seoul,KR,2021-07-31 13:31:13,37.5683,126.9778,83.59,74,0,3.44
439,Ixtapa,MX,2021-07-31 13:34:15,20.7,-105.2,76.23,94,90,6.91
440,Mount Darwin,ZW,2021-07-31 13:34:15,-16.7725,31.5838,70.68,41,64,12.57
441,Kahului,US,2021-07-31 13:33:11,20.8947,-156.47,74.46,85,40,12.66
442,Barra,BR,2021-07-31 13:34:15,-11.0894,-43.1417,84.27,44,82,10.16
443,Mitu,CO,2021-07-31 13:34:16,1.1983,-70.1733,77.77,62,97,3.49
444,San Luis,AR,2021-07-31 13:33:40,-33.295,-66.3356,54.5,28,0,3.56
445,Aleksandrov Gay,RU,2021-07-31 13:34:16,50.147,48.5704,95.52,19,61,7.9
446,Abonnema,NG,2021-07-31 13:34:17,4.7084,6.7931,86.52,57,100,11.25
447,Ponta Delgada,PT,2021-07-31 13:34:17,37.7333,-25.6667,77.72,65,20,14.97
448,Soloneshnoye,RU,2021-07-31 13:34:17,51.6544,84.3197,63.54,69,0,0.96
449,Muddebihal,IN,2021-07-31 13:34:18,16.3333,76.1333,77.29,69,98,22.88
450,Santiago,CL,2021-07-31 13:34:18,-33.4569,-70.6483,64.29,35,35,0.69
451,Nishihara,JP,2021-07-31 13:34:18,26.1842,127.7558,82.06,97,75,6.91
452,Muros,ES,2021-07-31 13:34:19,42.7762,-9.0603,72.09,49,62,16.44
453,Okakarara,NA,2021-07-31 13:34:19,-20.5833,17.4333,74.21,14,0,17.16
454,Ambon,ID,2021-07-31 13:34:19,-3.6954,128.1814,77.14,94,20,6.91
455,Lashio,MM,2021-07-31 13:34:20,22.9333,97.75,70.32,98,100,1.99
456,Wanaka,NZ,2021-07-31 13:33:43,-44.7,169.15,44.53,91,94,3.71
457,Tamnag,PH,2021-07-31 13:34:20,6.5678,124.8506,77.04,92,62,0.72
458,Tazovskiy,RU,2021-07-31 13:34:20,67.4667,78.7,57.15,68,100,9.98
459,Cotonou,BJ,2021-07-31 13:34:21,6.3654,2.4183,84.18,74,40,13.8
460,Rio Grande,BR,2021-07-31 13:34:21,-32.035,-52.0986,51.94,78,9,10.83
461,Gravdal,NO,2021-07-31 13:34:21,68.1214,13.5031,50.34,71,26,11.88
462,Dunedin,NZ,2021-07-31 13:32:39,-45.8742,170.5036,51.8,81,100,8.01
463,Marzuq,YE,2021-07-31 13:34:22,14.4,46.4667,84.94,48,58,13.15
464,Swellendam,ZA,2021-07-31 13:34:22,-34.0226,20.4417,61.18,41,64,1.79
465,Pervomayskiy,RU,2021-07-31 13:34:23,53.2485,40.2871,84.13,30,26,11.36
466,Trapani,IT,2021-07-31 13:34:23,37.8333,12.6667,100.27,38,0,11.5
467,Gisborne,NZ,2021-07-31 13:29:54,-38.6533,178.0042,45.95,86,50,1.86
468,Truro,GB,2021-07-31 13:30:00,50.2653,-5.0544,70.54,92,40,14.97
469,Oranjemund,NA,2021-07-31 13:34:24,-28.55,16.4333,82.45,17,0,11.5
470,Saint-Joseph,RE,2021-07-31 13:34:24,-21.3667,55.6167,72.21,73,24,16.91
471,Biltine,TD,2021-07-31 13:34:24,14.5333,20.9167,91.92,40,62,9.71
472,Yarmouth,US,2021-07-31 13:34:25,41.7057,-70.2286,69.91,60,1,15.01
473,Rocha,UY,2021-07-31 13:32:58,-34.4833,-54.3333,53.53,63,0,6.8
474,Inhambane,MZ,2021-07-31 13:31:53,-23.865,35.3833,75.18,57,40,4.61
475,Kyzyl-Suu,KG,2021-07-31 13:33:13,42.3414,78.0056,60.66,54,0,0.78
476,Dakar,SN,2021-07-31 13:34:26,14.6937,-17.4441,87.93,66,75,9.22
477,Alekseyevka,RU,2021-07-31 13:34:26,50.6309,38.6903,86.27,36,2,6.6
478,Kaseda,JP,2021-07-31 13:34:26,31.4167,130.3167,80.85,85,100,2.93
479,Tanete,ID,2021-07-31 13:34:27,-3.9443,119.7848,74.26,94,83,3.44
480,Okhotsk,RU,2021-07-31 13:34:27,59.3833,143.3,53.02,82,3,6.82
481,Portsmouth,GB,2021-07-31 13:34:27,50.799,-1.0913,69.87,78,98,5.99
482,Mehamn,NO,2021-07-31 13:34:27,71.0357,27.8492,51.12,79,100,10.33
483,Danville,US,2021-07-31 13:34:28,36.586,-79.395,79.25,62,1,8.05
484,Timizart,DZ,2021-07-31 13:29:46,36.8,4.2667,93.11,38,100,10.04
485,Talnakh,RU,2021-07-31 13:34:28,69.4865,88.3972,61.7,71,86,14.67
486,Namtsy,RU,2021-07-31 13:34:29,62.7161,129.6658,59.11,46,0,3.11
487,Haines Junction,CA,2021-07-31 13:34:29,60.7522,-137.5108,42.75,87,8,1.14
488,Rawah,IQ,2021-07-31 13:34:29,34.4816,41.9093,109.53,8,0,15.86
489,Wanning,CN,2021-07-31 13:34:30,18.8003,110.3967,83.82,78,100,11.72
490,La Ronge,CA,2021-07-31 13:34:30,55.1001,-105.2842,61.05,77,40,3.44
491,Narsaq,GL,2021-07-31 13:34:30,60.9167,-46.05,61.02,68,100,2.59
492,Flinders,AU,2021-07-31 13:31:44,-34.5833,150.8552,62.06,95,38,1.01
493,Banjar,ID,2021-07-31 13:34:31,-8.19,114.9675,80.46,87,78,6.8
494,Chateaubelair,VC,2021-07-31 13:34:31,13.2833,-61.25,83.01,78,20,14.97
495,Bulgan,MN,2021-07-31 13:34:32,48.8125,103.5347,60.85,77,100,2.77
496,Santa Rosa,PH,2021-07-31 13:34:12,14.3122,121.1114,83.1,82,100,12.46
497,Oakdale,US,2021-07-31 13:34:32,44.963,-92.9649,67.32,87,1,4.61
498,Rome,US,2021-07-31 13:34:32,34.257,-85.1647,82.47,87,1,2.33
499,Buraydah,SA,2021-07-31 13:34:33,26.326,43.975,108.05,6,42,3.2
500,Shakhtinsk,KZ,2021-07-31 13:34:33,49.71,72.5872,82.96,29,94,4.09
501,Birao,CF,2021-07-31 13:34:33,10.2849,22.7882,81.14,65,99,5.53
502,Maceio,BR,2021-07-31 13:33:55,-9.6658,-35.7353,81.84,65,40,17.27
503,Yongchang,CN,2021-07-31 13:34:34,30.0381,119.7317,78.06,95,100,2.3
504,Sivaki,RU,2021-07-31 13:34:34,52.6333,126.75,50.81,97,100,11.81
505,Dondo,MZ,2021-07-31 13:34:35,-19.6094,34.7431,74.71,81,96,7.34
506,Porto Walter,BR,2021-07-31 13:31:16,-8.2686,-72.7439,75.0,42,3,3.06
507,Alta Floresta,BR,2021-07-31 13:31:56,-9.8756,-56.0861,80.42,41,0,8.05
508,Flagstaff,US,2021-07-31 13:29:44,35.1981,-111.6513,64.42,89,40,10.0
509,Yaan,NG,2021-07-31 13:34:35,7.3833,8.5667,83.98,56,100,9.06
510,Emerald,AU,2021-07-31 13:34:36,-23.5333,148.1667,68.14,83,0,10.36
511,Kjopsvik,NO,2021-07-31 13:34:36,68.097,16.3742,51.06,87,100,2.73
512,Portobelo,PA,2021-07-31 13:34:36,9.55,-79.65,81.86,78,22,1.72
513,Ambovombe,MG,2021-07-31 13:34:37,-25.1667,46.0833,70.21,69,0,16.82
514,Naze,JP,2021-07-31 13:34:37,28.3667,129.4833,78.39,87,100,7.2
515,Greencastle,US,2021-07-31 13:33:00,39.6445,-86.8647,68.0,87,40,1.01
516,Aranda De Duero,ES,2021-07-31 13:34:37,41.6704,-3.6892,67.64,50,71,20.62
517,Margate,GB,2021-07-31 13:34:38,51.3813,1.3862,71.85,59,79,8.99
518,Zyryanovsk,KZ,2021-07-31 13:34:38,49.7386,84.2719,67.84,52,0,3.69
519,Itarema,BR,2021-07-31 13:32:00,-2.9248,-39.9167,88.39,44,59,13.4
520,Haifa,IL,2021-07-31 13:34:39,32.8156,34.9892,99.01,58,20,9.22
521,Istria,RO,2021-07-31 13:34:39,44.5667,28.7167,90.37,50,0,13.31
522,Fez,MA,2021-07-31 13:34:01,34.0372,-4.9998,89.85,25,0,11.5
523,Chalchihuites,MX,2021-07-31 13:34:39,23.4833,-103.8833,60.71,74,60,4.09
524,Hamilton,US,2021-07-31 13:34:40,39.1834,-84.5333,72.88,78,1,1.99
525,Dingle,PH,2021-07-31 13:34:40,10.9995,122.6711,79.32,86,79,8.32
526,Catamarca,AR,2021-07-31 13:34:40,-28.4696,-65.7852,55.04,32,3,7.78
527,La Ligua,CL,2021-07-31 13:34:41,-32.4524,-71.2311,42.58,42,42,2.13
528,Meridian,US,2021-07-31 13:32:09,43.6121,-116.3915,79.09,62,1,7.0
529,Barcelona,ES,2021-07-31 13:31:21,41.3888,2.159,84.18,65,0,1.99
530,Kukuna,SL,2021-07-31 13:34:41,9.4,-12.6667,73.51,98,100,6.91
531,Corowa,AU,2021-07-31 13:34:42,-36.0333,146.3833,52.29,88,100,6.38
532,Wajima,JP,2021-07-31 13:34:42,37.4,136.9,79.07,83,0,4.36
533,Gaogou,CN,2021-07-31 13:34:43,34.0175,119.1886,78.17,92,0,6.42
534,Hirara,JP,2021-07-31 13:34:43,24.8,125.2833,82.83,89,100,10.74
535,Winton,US,2021-07-31 13:34:43,37.3894,-120.6133,87.35,53,1,5.75
536,Xiaoweizhai,CN,2021-07-31 13:34:44,26.1903,107.5125,73.53,89,100,3.18
537,Altay,CN,2021-07-31 13:33:02,47.8667,88.1167,66.58,40,94,3.96
538,Vestmannaeyjar,IS,2021-07-31 13:34:44,63.4427,-20.2734,54.59,87,90,18.41
539,Caxias,PT,2021-07-31 13:34:44,38.7031,-9.2767,75.02,50,20,11.99
540,Berbera,SO,2021-07-31 13:34:45,10.4396,45.0143,95.04,39,30,21.68
541,Linxi,CN,2021-07-31 13:34:45,39.7,118.4333,70.05,95,100,10.69
542,Popondetta,PG,2021-07-31 13:34:46,-8.7537,148.2534,71.89,97,100,2.08
543,Encruzilhada Do Sul,BR,2021-07-31 13:34:46,-30.5439,-52.5219,52.99,54,0,4.52
544,Berlevag,NO,2021-07-31 13:34:46,70.8578,29.0864,49.48,87,100,11.77
